q,0(right),45,90(up),135,180(left),-135,-90(down),-45
7.247255019728049679e-04,nan,9.475999999999999091e+01,2.816237037037037680e+02,2.288199999999999932e+02,nan,1.763900000000000148e+02,4.521599999999998545e+02,1.098599999999999994e+02
9.381729754530465995e-04,nan,1.255928571428571416e+02,1.385047619047618639e+02,1.231278571428571667e+02,nan,1.521317857142857406e+02,2.779720634920636257e+02,1.201896428571428714e+02
1.151620448933288014e-03,nan,1.145414999999999708e+02,1.304997530864197302e+02,1.122030000000000172e+02,nan,1.226597500000000025e+02,1.760014814814814770e+02,9.683074999999999477e+01
1.365067922413529429e-03,nan,7.261852631578946671e+01,8.615519230769231740e+01,8.152673684210525096e+01,4.603272727272727138e+01,9.582484210526314428e+01,1.410234615384614472e+02,7.279852631578950195e+01
1.578515395893770844e-03,nan,5.237726495726496267e+01,7.074972477064223142e+01,5.159863247863248858e+01,6.181761467889909767e+01,6.827572649572650221e+01,9.995087719298244622e+01,5.577076923076921844e+01
1.791962869374012475e-03,nan,4.543046875000000995e+01,4.640181818181819295e+01,4.320281250000000028e+01,5.460347107438014547e+01,4.967390624999999460e+01,5.338776859504130101e+01,4.288828125000001279e+01
2.005410342854254107e-03,nan,3.381818181818182012e+01,4.762373333333332681e+01,3.914993006993007185e+01,3.767999999999997840e+01,3.904627737226275741e+01,3.546466666666668033e+01,3.813751824817517644e+01
2.218857816334495522e-03,nan,3.154653846153845009e+01,3.377148387096774940e+01,3.076256410256409524e+01,2.981719008264463255e+01,2.753943396226415530e+01,2.989470967741933904e+01,3.343169811320754548e+01
2.432305289814736936e-03,nan,2.749076023391813806e+01,2.871597633136096661e+01,2.735461988304093239e+01,3.031313609467456160e+01,2.744765625000000497e+01,2.716934911242603334e+01,2.717687499999999545e+01
2.645752763294978785e-03,nan,2.233174603174603234e+01,2.861928571428570578e+01,2.548105820105820740e+01,2.406132653061224147e+01,2.664202127659575225e+01,2.254663265306121644e+01,2.065265957446808898e+01
2.859200236775220200e-03,nan,2.373568627450979918e+01,2.038502463054187075e+01,1.884633663366336265e+01,1.793142857142856528e+01,2.068000000000000327e+01,2.054620689655173038e+01,2.330901960784315463e+01
3.072647710255461614e-03,nan,1.832374429223743562e+01,1.677808612440191638e+01,1.756020942408376939e+01,1.979818181818181344e+01,1.872534031413612254e+01,2.204755980861244780e+01,1.785771689497716253e+01
3.286095183735703029e-03,nan,1.628863247863247565e+01,1.637264462809917731e+01,1.711288461538460837e+01,1.561231404958678048e+01,1.581057692307691909e+01,1.870074380165290506e+01,1.758803418803418239e+01
3.499542657215944444e-03,nan,1.390331983805668159e+01,1.584549800796812136e+01,1.357302127659574431e+01,1.520382470119522189e+01,1.574680851063829756e+01,1.639235059760956403e+01,1.543449392712551038e+01
3.712990130696185859e-03,nan,1.491854406130267385e+01,1.348211764705880711e+01,1.075049808429118414e+01,1.254745098039215456e+01,1.263977011494253766e+01,1.563035294117647567e+01,1.279409961685823838e+01
3.926437604176427273e-03,nan,1.202753521126761171e+01,1.094587412587411990e+01,1.096570422535211442e+01,1.244622377622376419e+01,1.142549295774647256e+01,1.070699300699301482e+01,1.249563380281689717e+01
4.139885077656668688e-03,nan,1.128332203389831179e+01,1.197749152542372997e+01,9.944338983050842629e+00,1.070006779661016871e+01,9.889491525423736107e+00,1.030040677966101548e+01,1.041342372881355871e+01
4.353332551136910103e-03,nan,1.022551948051947690e+01,1.011500000000000021e+01,9.561298701298703406e+00,9.304252491694356308e+00,9.898831168831165428e+00,1.090172757475083465e+01,1.051558441558442070e+01
4.566780024617151518e-03,nan,9.519504643962850565e+00,nan,9.562972136222910535e+00,9.270421686746988854e+00,8.687678018575859085e+00,8.400120481927711324e+00,1.045739938080495612e+01
4.780227498097393800e-03,nan,7.987329192546588352e+00,nan,7.825502958579884094e+00,8.403636363636357132e+00,8.452958579881657997e+00,7.156598240469204342e+00,8.527204968944097629e+00
4.993674971577635215e-03,nan,8.108776119402991256e+00,nan,6.829807162534437204e+00,7.558062678062675843e+00,7.441597796143252452e+00,7.487122507122514925e+00,6.928597014925367503e+00
5.207122445057876629e-03,nan,7.569504373177847079e+00,7.072702702702699185e+00,6.551382113821136777e+00,6.980374331550803113e+00,6.602926829268290554e+00,6.346149732620316897e+00,7.204373177842565035e+00
5.420569918538118044e-03,nan,6.521564245810060001e+00,6.462872062663189254e+00,6.324293193717271500e+00,6.548093994778066751e+00,6.181780104712043311e+00,6.317806788511741267e+00,6.167597765363132645e+00
5.634017392018359459e-03,nan,6.400578034682080641e+00,6.400403022670023034e+00,5.812619718309856687e+00,5.639294710327454219e+00,5.916691729323302340e+00,6.132191435768262089e+00,6.156640419947510878e+00
5.847464865498600874e-03,nan,5.533088235294115087e+00,5.917298578199051917e+00,5.632720588235296866e+00,5.880663507109008314e+00,5.194830917874396548e+00,5.810758293838862443e+00,5.730724637681159805e+00
6.060912338978842288e-03,nan,5.582989690721650078e+00,5.654245939675173638e+00,4.931134020618554992e+00,5.585382830626445916e+00,5.134620689655171155e+00,4.926821345707661060e+00,4.899816091954026120e+00
6.274359812459084570e-03,nan,5.434529914529916184e+00,5.161275626423686091e+00,4.535384615384614015e+00,4.808883826879267076e+00,4.644409799554566121e+00,5.001457858769930098e+00,5.561069042316250766e+00
6.487807285939325985e-03,nan,4.544999999999999929e+00,4.664358974358977505e+00,4.823000000000000398e+00,4.054358974358971857e+00,4.221904761904758274e+00,4.125641025641024306e+00,4.538961038961036643e+00
6.701254759419567400e-03,nan,3.693333333333333357e+00,4.169392033542975717e+00,4.916666666666666075e+00,3.995597484276726341e+00,4.171120507399577626e+00,4.183480083857443965e+00,4.218562367864695517e+00
6.914702232899808815e-03,nan,4.842857142857141639e+00,3.900247422680412246e+00,4.533265306122449267e+00,3.949443298969075311e+00,3.707786885245900166e+00,4.133484536082471017e+00,3.942745901639345352e+00
7.128149706380050230e-03,4.915000000000000036e+00,4.754226804123712569e+00,3.832334630350195059e+00,4.437010309278350384e+00,3.678910505836574085e+00,3.584457593688367361e+00,3.927315175097276345e+00,3.829783037475346319e+00
7.341597179860291644e-03,3.247142857142857331e+00,3.769121621621620566e+00,3.520344168260034490e+00,3.548648648648648152e+00,3.337246653919694772e+00,3.254383301707781673e+00,3.476022944550669180e+00,3.333282732447816255e+00
7.555044653340533059e-03,4.157500000000000639e+00,3.478857142857142648e+00,2.907637051039698051e+00,3.946753246753245126e+00,2.849073724007558095e+00,3.027814814814814071e+00,4.405925925925926911e+00,3.225703703703706182e+00
7.768492126820774474e-03,3.611071428571428044e+00,3.649384288747339777e+00,3.182599277978339192e+00,3.316687898089171860e+00,2.818303249097473095e+00,3.223351548269580036e+00,nan,2.987577413479054034e+00
7.981939600301014154e-03,2.664102564102563964e+00,3.074873646209386191e+00,2.903269565217393211e+00,3.397617328519855651e+00,3.360928270042194299e+00,2.875283687943261057e+00,nan,2.978049645390071110e+00
8.195387073781257303e-03,2.696046511627906650e+00,2.890466321243525094e+00,2.770295652173913048e+00,2.777063903281519863e+00,3.947529411764706175e+00,2.424905008635578341e+00,nan,2.805423143350604054e+00
8.408834547261498718e-03,2.237058823529411988e+00,2.669752066115699929e+00,2.559765886287623360e+00,2.615933884297519718e+00,2.845451505016722393e+00,2.677355371900827397e+00,3.300920716112531572e+00,2.388198347107436170e+00
8.622282020741740133e-03,2.525245901639343593e+00,2.605686274509804612e+00,2.492592592592590695e+00,2.558202614379085471e+00,2.504702093397745077e+00,2.451732026143789156e+00,2.668405797101451871e+00,2.292385620915032618e+00
8.835729494221983282e-03,2.240307692307691223e+00,2.315087719298248636e+00,2.368856682769727051e+00,2.436618819776720901e+00,2.509694041867953640e+00,2.264497607655501010e+00,2.510402576489535686e+00,2.172503987240832046e+00
9.049176967702222962e-03,2.086891891891891948e+00,2.210404984423674168e+00,2.294702194357367109e+00,2.231370716510904018e+00,2.407805642633227716e+00,2.275669781931460633e+00,2.277053291536049517e+00,2.094548286604358989e+00
9.262624441182466112e-03,2.302023809523807696e+00,2.088006088280062400e+00,2.063099850968702409e+00,2.078477929984778427e+00,2.186944858420270865e+00,1.926392694063928213e+00,2.307719821162442564e+00,2.190015220700153975e+00
9.476071914662705792e-03,2.044177215189873831e+00,2.048424153166422457e+00,2.100119581464871210e+00,2.003387334315169799e+00,2.099551569506727500e+00,1.968188512518409983e+00,2.027473841554561229e+00,1.906185567010309168e+00
9.689519388142948941e-03,1.950229885057470192e+00,1.851502890173412741e+00,2.038847858197932794e+00,1.981589595375722768e+00,2.050192023633680360e+00,1.746289855072464814e+00,1.861240768094533315e+00,1.812231884057970754e+00
9.902966861623188621e-03,1.710288461538460592e+00,1.747446504992869354e+00,1.836434540389974668e+00,1.902139800285305826e+00,1.905766016713092537e+00,1.693438985736924085e+00,1.900501392757658170e+00,1.758383518225041353e+00
1.011641433510343177e-02,1.845221238938053343e+00,1.712813370473537322e+00,1.771910739191074002e+00,1.739164345403899192e+00,1.729707112970712002e+00,1.725155393053015906e+00,1.772357043235707863e+00,1.745447897623401134e+00
1.032986180858367145e-02,1.664749999999998398e+00,1.629001367989055371e+00,1.661357340720224451e+00,1.667637362637364840e+00,1.753222683264175963e+00,1.681695652173912370e+00,1.611756569847858200e+00,1.621511879049676974e+00
1.054330928206391460e-02,1.383437500000000986e+00,1.509559412550068647e+00,1.460182767624022881e+00,1.471708766716194550e+00,1.601018276762403936e+00,1.599352750809061918e+00,1.653812010443864500e+00,1.484675324675323260e+00
1.075675675554415428e-02,1.308444444444444077e+00,1.466709844559586529e+00,1.411773981603151595e+00,1.552831423895254304e+00,1.503302752293576461e+00,1.689189189189188811e+00,1.515674967234600379e+00,1.424466019417475637e+00
1.097020422902439743e-02,1.333706293706293788e+00,1.461203585147248241e+00,1.409023255813953712e+00,1.543479674796748524e+00,1.498565840938722138e+00,1.696527777777777413e+00,1.515880052151237445e+00,1.456525096525094876e+00
1.118365170250463711e-02,1.243422818791945827e+00,1.411259445843828120e+00,1.421782178217822823e+00,1.488797468354430942e+00,1.497747524752475412e+00,1.423754512635378999e+00,1.322920792079207652e+00,1.446000000000000840e+00
1.139709917598488026e-02,1.303248407643312179e+00,1.279900621118011506e+00,1.270681536555140489e+00,1.376887519260402870e+00,1.340669144981413652e+00,1.394238410596027045e+00,1.249640644361832198e+00,1.323178807947019919e+00
1.161054664946511994e-02,1.222248520710058406e+00,1.218759124087591683e+00,1.153357753357752591e+00,1.251999999999998892e+00,1.371086691086690568e+00,1.224620938628159461e+00,1.307472527472527624e+00,1.330542168674698322e+00
1.182399412294536309e-02,1.119244186046511658e+00,1.146313309776207490e+00,1.186032863849765695e+00,1.257575757575758679e+00,1.210704225352113195e+00,1.143082706766917145e+00,1.205727699530515507e+00,1.311211401425177892e+00
1.203744159642560450e-02,1.156033519553072875e+00,1.121885913853318595e+00,1.016740914419695718e+00,1.170806223479488484e+00,1.179577960140679060e+00,1.218071625344352205e+00,1.124642438452521320e+00,1.156575875486381300e+00
1.225088906990584592e-02,1.084210526315789513e+00,1.058804597701149541e+00,1.040650406504066261e+00,1.070666666666665767e+00,1.146039488966317466e+00,1.189292035398229919e+00,1.085946573751451094e+00,1.076179401993354157e+00
1.246433654338608907e-02,9.629591836734698873e-01,1.034269275028768753e+00,1.015333333333333865e+00,1.047692307692308145e+00,1.125400000000000178e+00,1.058956521739130130e+00,1.025955555555555954e+00,1.111432706222865274e+00
1.267778401686632875e-02,8.485148514851477142e-01,9.725287356321828947e-01,9.849833147942156364e-01,9.548598130841119414e-01,9.990211345939923326e-01,1.092621621621620687e+00,9.929699666295904725e-01,1.027496757457848631e+00
1.289123149034657190e-02,8.802816901408448969e-01,9.014109742441204220e-01,7.996030871003301232e-01,9.777415852334410129e-01,9.549062844542436368e-01,9.973151308304899487e-01,9.200441014332971790e-01,9.253113983548779675e-01
1.310467896382681158e-02,8.899090909090898727e-01,9.164939360529222867e-01,8.554430379746843505e-01,9.792941176470590925e-01,9.307383966244717755e-01,9.721925133689836018e-01,8.318776371308010953e-01,9.248732083792725600e-01
1.331812643730705473e-02,7.545291479820620539e-01,7.936739130434792289e-01,8.205526036131773893e-01,8.808033826638487218e-01,8.810839532412313435e-01,9.069344608879505998e-01,8.839744952178535398e-01,8.644565217391301237e-01
1.353157391078729441e-02,7.329487179487179649e-01,7.568917470525189373e-01,8.000632244467851262e-01,8.331803962460905266e-01,8.989462592202307478e-01,7.999165797705942715e-01,8.005900948366689862e-01,7.822722400857440306e-01
1.374502138426753756e-02,8.113934426229512109e-01,7.830736842105263662e-01,7.654728370221325351e-01,7.836270491803285498e-01,8.120925553319919832e-01,7.920696721311475397e-01,8.034607645875253557e-01,7.741473684210532502e-01
1.395846885774777724e-02,7.186639676113354414e-01,7.534778121775022042e-01,7.745307769929351549e-01,7.180502512562811912e-01,7.733545647558379699e-01,7.988341708542717745e-01,7.038143289606465514e-01,7.737667698658405868e-01
1.417191633122802039e-02,6.710852713178304674e-01,6.891886409736306396e-01,6.639317953861585409e-01,7.400000000000001021e-01,7.333894230769217870e-01,7.342828882294767379e-01,6.561873990306944515e-01,6.895131845841786511e-01
1.438536380470826007e-02,6.647924528301883962e-01,7.083402489626562382e-01,6.533268858800781453e-01,6.818402426693630503e-01,7.424094025465232116e-01,6.569200779727091266e-01,6.682786885245893815e-01,6.730669330669334371e-01
1.459881127818850322e-02,6.365799256505567660e-01,6.445530145530139476e-01,6.723047251687558346e-01,6.670756646216766672e-01,6.757955641272913594e-01,6.598067632850237452e-01,6.465573770491792605e-01,6.476162215628088470e-01
1.481225875166874290e-02,6.385053380782921284e-01,6.657700205338811239e-01,6.416490891658684914e-01,6.794763343403832367e-01,6.869606903163955058e-01,6.327290076335879698e-01,5.968935762224353292e-01,6.107482993197271837e-01
1.502570622514898604e-02,5.600000000000002753e-01,5.616071428571431934e-01,6.026394052044601324e-01,6.144047619047620090e-01,6.360223048327149353e-01,5.831420507996232239e-01,5.850185873605948661e-01,5.825023518344297768e-01
1.523915369862922572e-02,5.213559322033888277e-01,5.638958534233361464e-01,5.413015582034823581e-01,5.864416586306652190e-01,5.971035747021072870e-01,5.928087831655993734e-01,5.283776351970664864e-01,5.645562671546209277e-01
1.545260117210946887e-02,5.029702970297027509e-01,5.388212927756643733e-01,5.589696412143509985e-01,5.660836501901137519e-01,5.994112235510574704e-01,6.157971014492757966e-01,5.441398344066236126e-01,5.491847826086951878e-01
1.566604864558970855e-02,6.852857142857148309e-01,5.205298013245031052e-01,4.908960573476690570e-01,5.569725638599807294e-01,5.639247311827946252e-01,5.520288548241651938e-01,5.490322580645162764e-01,5.141568981064018606e-01
1.587949611906994823e-02,nan,5.189944134078211535e-01,4.935092348284960684e-01,5.298696461824948800e-01,5.373087071240101320e-01,5.368206039076375280e-01,5.105540897097621267e-01,4.858614564831254534e-01
1.609294359255019138e-02,nan,4.944903581267220960e-01,4.662202643171801109e-01,5.019100091827365384e-01,5.048281938325985818e-01,5.326380368098150297e-01,4.810044052863435837e-01,4.783698510078870370e-01
1.630639106603043453e-02,nan,4.542194469223905240e-01,4.637457044673535256e-01,4.723996431757356840e-01,4.609621993127140382e-01,4.905560307955516008e-01,4.299656357388311201e-01,4.604106073567144075e-01
1.651983853951067421e-02,nan,4.352584670231723352e-01,4.252328535139708876e-01,4.555080213903742736e-01,4.866553767993223034e-01,4.938841567291303303e-01,4.316003386960195476e-01,4.511243611584323521e-01
1.673328601299091389e-02,nan,4.448378615249778956e-01,4.421374045801516606e-01,4.489219982471512327e-01,4.282782018659874179e-01,4.412447434819174452e-01,4.356912637828666002e-01,4.252481076534893600e-01
1.694673348647115704e-02,nan,4.198783666377063906e-01,5.313901345291480727e-01,4.444135534317980030e-01,4.577446102819237583e-01,4.485999999999989996e-01,3.955555555555549940e-01,4.222999999999993981e-01
1.716018095995140019e-02,nan,3.830257689110554420e-01,nan,4.213798836242719226e-01,4.272860635696818510e-01,4.258997534921940553e-01,3.945069274653618674e-01,3.823829087921115089e-01
1.737362843343163987e-02,nan,3.741176470588229441e-01,nan,3.894439967767925337e-01,3.981478472786342815e-01,3.841257050765511938e-01,3.712916328188461401e-01,3.941821112006447247e-01
1.758707590691187955e-02,nan,3.652950558213713950e-01,nan,3.736682615629980941e-01,4.121153846153846612e-01,3.878309409888351933e-01,3.791826923076921929e-01,3.666028708133969305e-01
1.780052338039212270e-02,nan,3.486503551696919501e-01,3.871055900621117596e-01,3.576795580110496697e-01,3.733647058823523768e-01,3.816732438831883512e-01,3.528156862745094879e-01,3.455248618784525494e-01
1.801397085387236585e-02,nan,3.420376175548587860e-01,3.502911093627061878e-01,3.489498432601877975e-01,3.796066089693149181e-01,3.571943573667711869e-01,3.423603461841071005e-01,3.490438871473354743e-01
1.822741832735260553e-02,nan,3.198607888631088692e-01,3.323839009287924418e-01,3.337664346481046262e-01,3.409828393135727609e-01,3.471461716937351838e-01,3.272600619195047411e-01,3.217942768754833982e-01
1.844086580083284521e-02,nan,3.094631901840482757e-01,3.166390354182369027e-01,3.318906249999998836e-01,3.427307398932102900e-01,3.437372947615322527e-01,3.126752072343634281e-01,3.207981580966998703e-01
1.865431327431308836e-02,nan,2.794622852875278118e-01,3.227182991647682964e-01,3.197101449275364105e-01,3.365506573859246564e-01,3.091673275178430380e-01,2.981776765375855898e-01,3.076493405740885478e-01
1.886776074779333151e-02,nan,2.901858736059478860e-01,2.942663656884878520e-01,3.045709946848894067e-01,3.200154202004623638e-01,2.993169181890392161e-01,2.916779533483821463e-01,2.986635586635589812e-01
1.908120822127357119e-02,nan,2.863864306784660307e-01,2.911756168359939112e-01,2.835542168674697328e-01,2.911194029850746601e-01,2.874685534591195357e-01,2.810014513788104962e-01,2.797846153846161310e-01
1.929465569475381434e-02,nan,2.819166057059251940e-01,2.793837123991199101e-01,2.884988797610159028e-01,2.939261492087419936e-01,3.005447470817120270e-01,2.651210564930298053e-01,2.742421934501143577e-01
1.950810316823405749e-02,nan,2.609985528219977979e-01,2.774690909090911650e-01,2.830825958702063994e-01,2.812724550898202391e-01,2.862720983858567658e-01,2.600727272727276218e-01,2.634815373021856533e-01
1.972155064171429717e-02,nan,2.663642806520200579e-01,2.636134453781512899e-01,2.593882010196657539e-01,2.721782890007193867e-01,2.772030075187974507e-01,2.493697478991598326e-01,2.538438880706926359e-01
1.993499811519453685e-02,nan,2.345518701482008361e-01,2.629524485450672189e-01,2.427462257368800946e-01,2.627180899908174716e-01,2.720238095238097786e-01,2.425691980127754332e-01,2.506901615271666661e-01
2.014844558867478000e-02,nan,2.368156424581004116e-01,2.327632508833924474e-01,2.391038406827883100e-01,2.519911829537100911e-01,2.497193500738549565e-01,2.856331877729261226e-01,2.532608695652176500e-01
2.036189306215502315e-02,nan,2.203927068723705585e-01,2.368299319727893704e-01,2.363406052076007791e-01,2.391910739191074331e-01,2.331190650109567220e-01,nan,2.299126637554588237e-01
2.057534053563526283e-02,nan,2.195532390171255899e-01,2.323235092529137846e-01,2.254076655052270339e-01,2.319465917076600769e-01,2.506001446131602139e-01,nan,2.254686289697905299e-01
2.078878800911550251e-02,nan,2.158860759493666792e-01,2.141079972658920527e-01,2.139423076923075706e-01,2.335628952916378454e-01,2.192592592592595979e-01,nan,2.090594059405937732e-01
2.100223548259574566e-02,nan,2.025106022052584609e-01,2.220316622691295982e-01,2.223657375934743885e-01,2.158108108108104106e-01,2.193815881939563117e-01,nan,2.104056437389767720e-01
2.121568295607598881e-02,nan,2.050779101741518617e-01,2.045182724252491147e-01,2.041778975741243007e-01,2.197547683923708473e-01,2.086871508379891937e-01,nan,1.970275229357796032e-01
2.142913042955622849e-02,nan,1.914512922465209377e-01,1.921756487025950699e-01,2.048395721925132806e-01,2.033743169398906370e-01,2.000829302004146770e-01,nan,1.986481113320079928e-01
2.164257790303646817e-02,nan,1.851626898047721292e-01,1.947759282970558392e-01,1.862242866622426662e-01,2.030406290956748294e-01,1.953983516483518701e-01,nan,1.828199566160519929e-01
2.185602537651671132e-02,nan,1.745990566037735892e-01,1.859368963296846866e-01,1.873034437946723418e-01,2.025593667546172483e-01,1.939101274312543810e-01,nan,1.793396226415097106e-01
2.206947284999695447e-02,nan,1.894466936572200000e-01,1.895428203477143581e-01,1.892774193548390771e-01,1.887186261558781164e-01,1.754274611398961570e-01,nan,1.751679586563306967e-01
2.228292032347719415e-02,nan,1.772252252252252691e-01,1.778000000000001246e-01,1.797107438016523340e-01,1.713810741687978589e-01,1.856494325346784713e-01,nan,1.882728592162554726e-01
2.249636779695743383e-02,nan,1.647999999999998355e-01,1.663914946841774656e-01,1.693313739897130965e-01,1.812427930813584886e-01,1.732413793103443900e-01,nan,1.533661740558294184e-01
2.270981527043767698e-02,nan,1.819095477386934168e-01,1.640548970679972240e-01,1.659561128526641782e-01,1.695591054313099477e-01,1.687701863354034160e-01,nan,1.674296435272045191e-01
2.292326274391792013e-02,nan,2.105555555555555514e-01,1.592944038929439698e-01,1.664033613445375925e-01,1.696890547263678606e-01,1.609500308451570216e-01,nan,1.586433260393872169e-01
2.313671021739815981e-02,nan,1.933333333333333570e-01,1.463023679417119194e-01,1.590265486725662980e-01,1.577611940298502824e-01,1.566606389391196896e-01,nan,1.487958115183245222e-01
2.335015769087839949e-02,nan,1.586206896551723422e-01,1.498239222829386430e-01,1.523461195361282827e-01,1.451925465838507512e-01,1.527918170878458382e-01,nan,1.466885245901638213e-01
2.356360516435864610e-02,nan,1.516483516483515259e-01,1.397307001795330961e-01,1.522887323943662163e-01,1.508727272727270752e-01,1.484895522388054168e-01,nan,1.511688311688310637e-01
2.377705263783888578e-02,nan,1.430573248407642772e-01,1.400000000000000688e-01,1.485615848406546535e-01,1.460048426150117595e-01,1.486982248520705985e-01,nan,1.475159235668789259e-01
2.399050011131912546e-02,nan,1.563414634146340076e-01,1.347784997046662658e-01,1.357385398981325042e-01,1.392874396135261594e-01,1.367236299351795303e-01,nan,1.229268292682926811e-01
2.420394758479936861e-02,nan,1.306666666666666810e-01,1.243433179723502646e-01,1.339550374687760725e-01,1.330941176470586129e-01,1.319144013880853006e-01,nan,1.293333333333333834e-01
2.441739505827961176e-02,nan,nan,1.208750719631549314e-01,1.315106732348112206e-01,1.305951679434296520e-01,1.321864211737626971e-01,nan,nan
2.463084253175985144e-02,nan,nan,1.272308578008060909e-01,1.304186795491145412e-01,1.280305702527925193e-01,1.274471730439745987e-01,nan,nan
2.484429000524009112e-02,nan,nan,1.135810810810813504e-01,1.249841269841272529e-01,1.264252873563217194e-01,1.207709750566892115e-01,nan,nan
2.505773747872033427e-02,nan,nan,1.136918767507003741e-01,1.287529411764706810e-01,1.227965616045844505e-01,1.208778840742826821e-01,nan,nan
2.527118495220057742e-02,nan,nan,1.126215762996088249e-01,1.180169100691775552e-01,1.155733029092984449e-01,1.137632017787660321e-01,nan,nan
2.548463242568081710e-02,nan,nan,1.094285714285718469e-01,1.122113207547170283e-01,1.136659192825113518e-01,1.177607025246981964e-01,nan,nan
2.569807989916105678e-02,nan,nan,1.086229508196722982e-01,1.100300751879700750e-01,1.060122699386506634e-01,1.089851892484915152e-01,nan,nan
2.591152737264129993e-02,nan,nan,1.013884297520663280e-01,1.066321243523318391e-01,1.039201710620102082e-01,1.071847826086956834e-01,nan,nan
2.612497484612154308e-02,nan,nan,9.858071505958844460e-02,1.103534609720179804e-01,1.038621444201315719e-01,1.003167667941019386e-01,nan,nan
2.633842231960178276e-02,nan,nan,9.839142091152849878e-02,1.046661981728744528e-01,1.018861788617889258e-01,9.911235955056202362e-02,nan,nan
2.655186979308202244e-02,nan,nan,9.222401723209514013e-02,9.458577951728647237e-02,9.782490483958715399e-02,1.005837711617049157e-01,nan,nan
2.676531726656226559e-02,nan,nan,9.299363057324855353e-02,9.726130653266346071e-02,9.524932975871347463e-02,9.149226006191993332e-02,nan,nan
2.697876474004250874e-02,nan,nan,9.129251700680320047e-02,9.225149700598821167e-02,9.233615221987342969e-02,9.340314136125694999e-02,nan,nan
2.719221221352274842e-02,nan,nan,8.682080924855528625e-02,9.157354618015985104e-02,9.116180371352826384e-02,9.004864489228639468e-02,nan,nan
2.740565968700298810e-02,nan,nan,8.629880270692383282e-02,9.105092091007609134e-02,9.068838675775138525e-02,8.450662739322542527e-02,nan,nan
2.761910716048323125e-02,nan,nan,8.106815869786414275e-02,8.726239669421505252e-02,8.833504624871567346e-02,8.773892773892794095e-02,nan,nan
2.783255463396347440e-02,nan,nan,7.646035805626655302e-02,8.274168797953983245e-02,8.359318533815213170e-02,8.051537822111391740e-02,nan,nan
2.804600210744371408e-02,nan,nan,7.838974358974384882e-02,8.222787385554447548e-02,8.049689440993812450e-02,7.814914645103339386e-02,nan,nan
2.825944958092395723e-02,nan,nan,7.484382746653488183e-02,7.624810892587027822e-02,8.037055583375105061e-02,8.207293666026867218e-02,nan,nan
2.847289705440420038e-02,nan,nan,7.534697953070404464e-02,7.868407835258710292e-02,7.492191435768315311e-02,7.658189216683625178e-02,nan,nan
2.868634452788444006e-02,nan,nan,7.107338991512758553e-02,7.421471172962254559e-02,7.415617128463525276e-02,7.276548672566379716e-02,nan,nan
2.889979200136467974e-02,nan,nan,7.082284607938094112e-02,7.033840117704810713e-02,7.100684261974635203e-02,7.382388419782871802e-02,nan,nan
2.911323947484492289e-02,nan,nan,6.859382655561051256e-02,7.055718475073347040e-02,6.866040533860648387e-02,7.454061251664441390e-02,nan,nan
2.932668694832516604e-02,nan,nan,6.480703468490504882e-02,6.939231891103590788e-02,6.503696402168578083e-02,6.939078751857340188e-02,nan,nan
2.954013442180540572e-02,nan,nan,7.625344352617069443e-02,6.686321894635124941e-02,6.815134099616890206e-02,6.971428571428554821e-02,nan,nan
2.975358189528564540e-02,nan,nan,nan,6.448391742678857841e-02,6.543614457831357922e-02,6.892307692307660105e-02,nan,nan
2.996702936876588855e-02,nan,nan,nan,6.293923692887465338e-02,6.235180722891605493e-02,6.683146067415694780e-02,nan,nan
3.018047684224613170e-02,nan,nan,nan,6.317924528301943621e-02,5.841463414634178591e-02,6.179347826086926954e-02,nan,nan
3.039392431572637138e-02,nan,nan,nan,5.996252927400506222e-02,6.035899858290058595e-02,6.088135593220325714e-02,nan,nan
3.060737178920661106e-02,nan,nan,nan,5.906846762925054006e-02,5.826578699340280443e-02,7.199999999999992517e-02,nan,nan
3.082081926268685421e-02,nan,nan,nan,5.644964871194409900e-02,5.760440569068416006e-02,6.068493150684926146e-02,nan,nan
3.103426673616709736e-02,nan,nan,nan,5.520000000000039458e-02,5.491462851868984113e-02,5.540540540540542236e-02,nan,nan
3.124771420964733704e-02,nan,nan,nan,5.412090447623470191e-02,5.261794634597626724e-02,7.249999999999999500e-02,nan,nan
3.146116168312758365e-02,nan,nan,nan,5.231192660550494644e-02,5.158794421952351411e-02,nan,nan,nan
3.167460915660781640e-02,nan,nan,nan,5.227189781021933379e-02,5.372071227741367222e-02,nan,nan,nan
3.188805663008806301e-02,nan,nan,nan,5.004524886877863982e-02,6.031999999999992229e-02,nan,nan,nan
3.210150410356830269e-02,nan,nan,nan,5.060089686098697553e-02,nan,nan,nan,nan
3.231495157704854237e-02,nan,nan,nan,4.661032028469787314e-02,nan,nan,nan,nan
3.252839905052878899e-02,nan,nan,nan,4.574966828836835031e-02,nan,nan,nan,nan
3.274184652400902867e-02,nan,nan,nan,4.671075837742544312e-02,nan,nan,nan,nan
3.295529399748926835e-02,nan,nan,nan,4.447264770240745568e-02,nan,nan,nan,nan
3.316874147096951497e-02,nan,nan,nan,4.310165073848862272e-02,nan,nan,nan,nan
3.338218894444974771e-02,nan,nan,nan,4.233832976445441043e-02,nan,nan,nan,nan
3.359563641792999433e-02,nan,nan,nan,4.238767650834440043e-02,nan,nan,nan,nan
3.380908389141024095e-02,nan,nan,nan,4.128644939965728927e-02,nan,nan,nan,nan
3.402253136489047369e-02,nan,nan,nan,4.017160017160049251e-02,nan,nan,nan,nan
3.423597883837072031e-02,nan,nan,nan,3.773327652322149006e-02,nan,nan,nan,nan
3.444942631185095999e-02,nan,nan,nan,3.846669459572714389e-02,nan,nan,nan,nan
3.466287378533119967e-02,nan,nan,nan,3.613712374581967007e-02,nan,nan,nan,nan
3.487632125881144629e-02,nan,nan,nan,3.494991652754615707e-02,nan,nan,nan,nan
3.508976873229167903e-02,nan,nan,nan,3.652496904663669886e-02,nan,nan,nan,nan
3.530321620577192565e-02,nan,nan,nan,3.366859027205301724e-02,nan,nan,nan,nan
3.551666367925217227e-02,nan,nan,nan,3.397148676171105053e-02,nan,nan,nan,nan
3.573011115273240501e-02,nan,nan,nan,3.259829752736143060e-02,nan,nan,nan,nan
3.594355862621265163e-02,nan,nan,nan,3.316935483870998153e-02,nan,nan,nan,nan
3.615700609969289131e-02,nan,nan,nan,3.215890850722344374e-02,nan,nan,nan,nan
3.637045357317313099e-02,nan,nan,nan,3.232121454254917314e-02,nan,nan,nan,nan
3.658390104665337761e-02,nan,nan,nan,3.036860879904907523e-02,nan,nan,nan,nan
3.679734852013361035e-02,nan,nan,nan,3.137798306389556063e-02,nan,nan,nan,nan
3.701079599361385697e-02,nan,nan,nan,2.929285165257524901e-02,nan,nan,nan,nan
3.722424346709410359e-02,nan,nan,nan,2.878868933893802967e-02,nan,nan,nan,nan
3.743769094057433633e-02,nan,nan,nan,2.818526955201237222e-02,nan,nan,nan,nan
3.765113841405458295e-02,nan,nan,nan,2.664142370314300651e-02,nan,nan,nan,nan
3.786458588753482957e-02,nan,nan,nan,2.602607076350126405e-02,nan,nan,nan,nan
3.807803336101506231e-02,nan,nan,nan,2.660447761194067312e-02,nan,nan,nan,nan
3.829148083449530893e-02,nan,nan,nan,2.554154302670657781e-02,nan,nan,nan,nan
3.850492830797554861e-02,nan,nan,nan,2.573343261355208467e-02,nan,nan,nan,nan
3.871837578145578829e-02,nan,nan,nan,2.364896073903039950e-02,nan,nan,nan,nan
3.893182325493603491e-02,nan,nan,nan,2.437697160883314437e-02,nan,nan,nan,nan
3.914527072841626765e-02,nan,nan,nan,2.342202210397077017e-02,nan,nan,nan,nan
3.935871820189651427e-02,nan,nan,nan,2.262558041367692882e-02,nan,nan,nan,nan
3.957216567537676088e-02,nan,nan,nan,2.348358862144440604e-02,nan,nan,nan,nan
3.978561314885699363e-02,nan,nan,nan,2.174624829467954393e-02,nan,nan,nan,nan
3.999906062233724025e-02,nan,nan,nan,2.102684879886967950e-02,nan,nan,nan,nan
4.021250809581747993e-02,nan,nan,nan,2.051757812500003275e-02,nan,nan,nan,nan
4.042595556929771961e-02,nan,nan,nan,2.076883649410553312e-02,nan,nan,nan,nan
4.063940304277796622e-02,nan,nan,nan,1.928342245989288564e-02,nan,nan,nan,nan
4.085285051625819897e-02,nan,nan,nan,2.024663677130032410e-02,nan,nan,nan,nan
4.106629798973844558e-02,nan,nan,nan,1.963615023474156104e-02,nan,nan,nan,nan
4.127974546321869220e-02,nan,nan,nan,1.945388349514534654e-02,nan,nan,nan,nan
4.149319293669892494e-02,nan,nan,nan,1.906885245901613138e-02,nan,nan,nan,nan
4.170664041017917156e-02,nan,nan,nan,1.806978470675551368e-02,nan,nan,nan,nan
4.192008788365941818e-02,nan,nan,nan,1.756223175965643257e-02,nan,nan,nan,nan
4.213353535713965092e-02,nan,nan,nan,1.823886639676093255e-02,nan,nan,nan,nan
4.234698283061989754e-02,nan,nan,nan,1.786864931846328733e-02,nan,nan,nan,nan
4.256043030410013722e-02,nan,nan,nan,1.799999999999987721e-02,nan,nan,nan,nan
4.277387777758037690e-02,nan,nan,nan,1.442477876106188980e-02,nan,nan,nan,nan
4.298732525106062352e-02,nan,nan,nan,1.956521739130430773e-02,nan,nan,nan,nan
4.320077272454085626e-02,nan,nan,nan,1.800000000000000905e-02,nan,nan,nan,nan
